29565bf26744e08bea165f22d7c8bda13bda0bef8c55f4dc6e8d42d92e5e43c2	projects/DOC-2-032-Virtual-Cell-Failure-Cartography/PROJECT_SUMMARY.md	DOC-2-032-Virtual-Cell-Failure-Cartography/PROJECT_SUMMARY.md
09f9179ac9a1f5ad6cbf5b972dfb937181dbcc684dc6ba84f3250b29e7e860c4	projects/DOC-2-032-Virtual-Cell-Failure-Cartography/R0/LOCKED_PROTOCOL.md	DOC-2-032-Virtual-Cell-Failure-Cartography/R0/LOCKED_PROTOCOL.md
c8ffc13d664a2bb7bb861038592feae521f6d1e05c72a98263b601cd0c2ee981	projects/DOC-2-032-Virtual-Cell-Failure-Cartography/R0/README.txt	DOC-2-032-Virtual-Cell-Failure-Cartography/R0/README.txt
805203825b58cf79533b1629e8aa27d8be823436f253eaed7090bdeed3e0177a	projects/DOC-2-032-Virtual-Cell-Failure-Cartography/R0/REPORT.md	DOC-2-032-Virtual-Cell-Failure-Cartography/R0/REPORT.md
ddd7ee2ccbc62446f6e4adf9b101ac7af2d5d61a1819459af8accd77dfb977d2	projects/DOC-2-032-Virtual-Cell-Failure-Cartography/R0/SOURCES.md	DOC-2-032-Virtual-Cell-Failure-Cartography/R0/SOURCES.md
61288823de88484dbd95ad976cb135f1e3c645f163f7cf9757fc21468e2e2494	projects/DOC-2-032-Virtual-Cell-Failure-Cartography/R0/pilot_console.txt	DOC-2-032-Virtual-Cell-Failure-Cartography/R0/pilot_console.txt
e173e77b238fff9aa6648e48f3c920a2a2c0bb5851ec362370684e679c72d146	projects/DOC-2-032-Virtual-Cell-Failure-Cartography/R0/pilot_metrics.csv	DOC-2-032-Virtual-Cell-Failure-Cartography/R0/pilot_metrics.csv
d2b06a4508a13ca727a589ea1a05a0330e75c3520b6edf55b9a2a873eb20dd6e	projects/DOC-2-032-Virtual-Cell-Failure-Cartography/R0/pilot_summary.json	DOC-2-032-Virtual-Cell-Failure-Cartography/R0/pilot_summary.json
68e31500ce5b0130b299ef6d8489930fa6d949f4471ef09bf80425f8eedd7e08	projects/DOC-2-032-Virtual-Cell-Failure-Cartography/R0/run_r0.py	DOC-2-032-Virtual-Cell-Failure-Cartography/R0/run_r0.py
0d7e53f473e2c1fd84887b9e87ebb8e93ad19ca3bb8e16cc5864c6cde3868bba	projects/DOC-2-032/R1/publication/DOC-2-032_R1_FINAL.zip	DOC-2-032/R1/publication/DOC-2-032_R1_FINAL.zip
